<?xml version="1.0" encoding="UTF-8"?>
<project-private xmlns="http://www.netbeans.org/ns/project-private/1">
    <editor-bookmarks xmlns="http://www.netbeans.org/ns/editor-bookmarks/2" lastBookmarkId="0"/>
    <open-files xmlns="http://www.netbeans.org/ns/projectui-open-files/2">
        <group>
            <file>file:/C:/Users/peixe/Documents/2damgeneral/NetBeans/ProjectMusicCRUD/src/com/projectmusiccrud/main/Main.java</file>
            <file>file:/C:/Users/peixe/Documents/2damgeneral/NetBeans/ProjectMusicCRUD/src/com/projectmusiccrud/view/ViewRecordMain.java</file>
            <file>file:/C:/Users/peixe/Documents/2damgeneral/NetBeans/ProjectMusicCRUD/src/com/projectmusiccrud/view/ViewRecordDialog.java</file>
            <file>file:/C:/Users/peixe/Documents/2damgeneral/NetBeans/ProjectMusicCRUD/src/com/projectmusiccrud/dao/DaoRecord.java</file>
            <file>file:/C:/Users/peixe/Documents/2damgeneral/NetBeans/ProjectMusicCRUD/src/com/projectmusiccrud/model/Record.java</file>
            <file>file:/C:/Users/peixe/Documents/2damgeneral/NetBeans/ProjectMusicCRUD/src/com/projectmusiccrud/controller/ControllerRecord.java</file>
            <file>file:/C:/Users/peixe/Documents/2damgeneral/NetBeans/ProjectMusicCRUD/src/com/connection/Conexion.java</file>
        </group>
    </open-files>
</project-private>
